"","Study.Hours.per.Week","Attendance.Rate","Previous.Grades"
"Study.Hours.per.Week",1,0.00442558933760792,0.000560596333323427
"Attendance.Rate",0.00442558933760792,1,-0.00479151115517431
"Previous.Grades",0.000560596333323427,-0.00479151115517431,1
